epoch,step,loss,learning_rate,eval_loss,eval_runtime,eval_samples_per_second,eval_steps_per_second
0.02,50,1.4511,0.0,,,,
0.05,100,1.3697,0.0,,,,
0.07,150,1.3688,0.0,,,,
0.09,200,1.1963,0.0,,,,
0.12,250,1.1313,0.0,,,,
0.14,300,1.049,0.0,,,,
0.16,350,0.9933,0.0,,,,
0.19,400,0.9919,0.0,,,,
0.21,450,0.9746,0.0,,,,
0.24,500,0.8736,0.0,,,,
0.26,550,0.8921,0.0,,,,
0.28,600,0.833,0.0,,,,
0.31,650,0.8359,0.0,,,,
0.33,700,0.785,0.0,,,,
0.35,750,0.8169,0.0,,,,
0.38,800,0.79,0.0,,,,
0.4,850,0.7537,0.0,,,,
0.42,900,0.7302,0.0,,,,
0.45,950,0.71,0.0,,,,
0.47,1000,0.7114,0.0,,,,
0.49,1050,0.7083,0.0,,,,
0.52,1100,0.6811,0.0,,,,
0.54,1150,0.6901,0.0,,,,
0.57,1200,0.6651,0.0,,,,
0.59,1250,0.6777,0.0,,,,
0.61,1300,0.6503,0.0,,,,
0.64,1350,0.6763,0.0,,,,
0.66,1400,0.6355,0.0,,,,
0.68,1450,0.6458,1e-05,,,,
0.71,1500,0.6021,1e-05,,,,
0.73,1550,0.6232,1e-05,,,,
0.75,1600,0.6407,1e-05,,,,
0.78,1650,0.6019,1e-05,,,,
0.8,1700,0.6251,1e-05,,,,
0.82,1750,0.5907,1e-05,,,,
0.85,1800,0.5875,1e-05,,,,
0.87,1850,0.5607,1e-05,,,,
0.9,1900,0.5649,1e-05,,,,
0.92,1950,0.5627,1e-05,,,,
0.94,2000,0.5592,1e-05,,,,
0.97,2050,0.5788,1e-05,,,,
0.99,2100,0.5752,1e-05,,,,
1.01,2150,0.5132,1e-05,,,,
1.04,2200,0.4998,1e-05,,,,
1.06,2250,0.5054,1e-05,,,,
1.08,2300,0.5008,1e-05,,,,
1.11,2350,0.5459,1e-05,,,,
1.13,2400,0.5178,1e-05,,,,
1.15,2450,0.5148,1e-05,,,,
1.18,2500,0.4924,1e-05,,,,
1.2,2550,0.4646,1e-05,,,,
1.23,2600,0.5348,1e-05,,,,
1.25,2650,0.4793,1e-05,,,,
1.27,2700,0.4792,1e-05,,,,
1.3,2750,0.4692,1e-05,,,,
1.32,2800,0.5004,1e-05,,,,
1.34,2850,0.4681,1e-05,,,,
1.37,2900,0.4591,1e-05,,,,
1.39,2950,0.4738,1e-05,,,,
1.41,3000,0.4764,1e-05,,,,
1.44,3050,0.4692,1e-05,,,,
1.46,3100,0.4973,1e-05,,,,
1.48,3150,0.4545,1e-05,,,,
1.51,3200,0.4554,1e-05,,,,
1.53,3250,0.4662,1e-05,,,,
1.56,3300,0.48,1e-05,,,,
1.58,3350,0.4565,1e-05,,,,
1.6,3400,0.4538,1e-05,,,,
1.63,3450,0.4377,1e-05,,,,
1.65,3500,0.4404,1e-05,,,,
1.67,3550,0.477,1e-05,,,,
1.7,3600,0.4317,1e-05,,,,
1.72,3650,0.466,1e-05,,,,
1.74,3700,0.4723,1e-05,,,,
1.77,3750,0.4382,1e-05,,,,
1.79,3800,0.4363,1e-05,,,,
1.81,3850,0.4322,1e-05,,,,
1.84,3900,0.3963,1e-05,,,,
1.86,3950,0.4366,1e-05,,,,
1.89,4000,0.428,1e-05,,,,
1.91,4050,0.4493,1e-05,,,,
1.93,4100,0.418,1e-05,,,,
1.96,4150,0.4207,1e-05,,,,
1.98,4200,0.4224,1e-05,,,,
2.0,4250,0.4176,2e-05,,,,
2.03,4300,0.3726,2e-05,,,,
2.05,4350,0.3755,2e-05,,,,
2.07,4400,0.3727,2e-05,,,,
2.1,4450,0.3739,2e-05,,,,
2.12,4500,0.3869,2e-05,,,,
2.14,4550,0.3786,2e-05,,,,
2.17,4600,0.3635,2e-05,,,,
2.19,4650,0.3821,2e-05,,,,
2.21,4700,0.3623,2e-05,,,,
2.24,4750,0.3893,2e-05,,,,
2.26,4800,0.3666,2e-05,,,,
2.29,4850,0.3574,2e-05,,,,
2.31,4900,0.3805,2e-05,,,,
2.33,4950,0.3558,2e-05,,,,
2.36,5000,0.3581,2e-05,,,,
2.36,5000,,,0.38101,165.2878,176.02,44.008
2.38,5050,0.3593,2e-05,,,,
2.4,5100,0.3533,2e-05,,,,
2.43,5150,0.3772,2e-05,,,,
2.45,5200,0.3567,2e-05,,,,
2.47,5250,0.3607,2e-05,,,,
2.5,5300,0.3561,2e-05,,,,
2.52,5350,0.3483,2e-05,,,,
2.54,5400,0.3479,2e-05,,,,
2.57,5450,0.3706,2e-05,,,,
2.59,5500,0.367,2e-05,,,,
2.62,5550,0.3641,2e-05,,,,
2.64,5600,0.3743,2e-05,,,,
2.66,5650,0.3193,2e-05,,,,
2.69,5700,0.3446,2e-05,,,,
2.71,5750,0.3483,2e-05,,,,
2.73,5800,0.3399,2e-05,,,,
2.76,5850,0.3521,2e-05,,,,
2.78,5900,0.3658,2e-05,,,,
2.8,5950,0.3745,2e-05,,,,
2.83,6000,0.3367,2e-05,,,,
2.85,6050,0.3489,2e-05,,,,
2.87,6100,0.3378,2e-05,,,,
2.9,6150,0.3479,2e-05,,,,
2.92,6200,0.3227,2e-05,,,,
2.95,6250,0.3489,2e-05,,,,
2.97,6300,0.3495,2e-05,,,,
2.99,6350,0.3427,2e-05,,,,
3.02,6400,0.3009,2e-05,,,,
3.04,6450,0.2708,2e-05,,,,
3.06,6500,0.2842,2e-05,,,,
3.09,6550,0.2892,2e-05,,,,
3.11,6600,0.2986,2e-05,,,,
3.13,6650,0.2923,2e-05,,,,
3.16,6700,0.3128,2e-05,,,,
3.18,6750,0.2767,2e-05,,,,
3.2,6800,0.2876,2e-05,,,,
3.23,6850,0.2937,2e-05,,,,
3.25,6900,0.285,2e-05,,,,
3.28,6950,0.2985,2e-05,,,,
3.3,7000,0.2803,2e-05,,,,
3.32,7050,0.2827,2e-05,,,,
3.35,7100,0.2865,3e-05,,,,
3.37,7150,0.2835,3e-05,,,,
3.39,7200,0.3141,3e-05,,,,
3.42,7250,0.2981,3e-05,,,,
3.44,7300,0.3084,3e-05,,,,
3.46,7350,0.3055,3e-05,,,,
3.49,7400,0.2861,3e-05,,,,
3.51,7450,0.3112,3e-05,,,,
3.53,7500,0.3111,3e-05,,,,
3.56,7550,0.2748,3e-05,,,,
3.58,7600,0.309,3e-05,,,,
3.61,7650,0.3024,3e-05,,,,
3.63,7700,0.2934,3e-05,,,,
3.65,7750,0.319,3e-05,,,,
3.68,7800,0.3055,3e-05,,,,
3.7,7850,0.2998,3e-05,,,,
3.72,7900,0.2749,3e-05,,,,
3.75,7950,0.2815,3e-05,,,,
3.77,8000,0.2789,3e-05,,,,
3.79,8050,0.2914,3e-05,,,,
3.82,8100,0.2823,3e-05,,,,
3.84,8150,0.2912,3e-05,,,,
3.86,8200,0.2914,3e-05,,,,
3.89,8250,0.2935,3e-05,,,,
3.91,8300,0.2942,3e-05,,,,
3.94,8350,0.2967,3e-05,,,,
3.96,8400,0.2781,3e-05,,,,
3.98,8450,0.2784,3e-05,,,,
4.01,8500,0.2653,3e-05,,,,
4.03,8550,0.2385,3e-05,,,,
4.05,8600,0.2368,3e-05,,,,
4.08,8650,0.2452,3e-05,,,,
4.1,8700,0.2223,3e-05,,,,
4.12,8750,0.2416,3e-05,,,,
4.15,8800,0.2271,3e-05,,,,
4.17,8850,0.2486,3e-05,,,,
4.19,8900,0.2387,3e-05,,,,
4.22,8950,0.2489,3e-05,,,,
4.24,9000,0.2488,3e-05,,,,
4.26,9050,0.2317,3e-05,,,,
4.29,9100,0.2287,3e-05,,,,
4.31,9150,0.2395,3e-05,,,,
4.34,9200,0.2405,3e-05,,,,
4.36,9250,0.2455,3e-05,,,,
4.38,9300,0.2494,3e-05,,,,
4.41,9350,0.2342,3e-05,,,,
4.43,9400,0.2347,3e-05,,,,
4.45,9450,0.2383,3e-05,,,,
4.48,9500,0.2462,3e-05,,,,
4.5,9550,0.2389,3e-05,,,,
4.52,9600,0.2214,3e-05,,,,
4.55,9650,0.2413,3e-05,,,,
4.57,9700,0.2459,3e-05,,,,
4.59,9750,0.243,3e-05,,,,
4.62,9800,0.2397,3e-05,,,,
4.64,9850,0.2383,3e-05,,,,
4.67,9900,0.2282,3e-05,,,,
4.69,9950,0.2447,3e-05,,,,
4.71,10000,0.2463,3e-05,,,,
4.71,10000,,,0.30166,168.5164,172.648,43.165
4.74,10050,0.2327,3e-05,,,,
4.76,10100,0.238,3e-05,,,,
4.78,10150,0.2396,3e-05,,,,
4.81,10200,0.2296,3e-05,,,,
4.83,10250,0.2278,3e-05,,,,
4.85,10300,0.2464,3e-05,,,,
4.88,10350,0.25,3e-05,,,,
4.9,10400,0.2474,3e-05,,,,
4.92,10450,0.2504,3e-05,,,,
4.95,10500,0.2321,3e-05,,,,
4.97,10550,0.2232,3e-05,,,,
5.0,10600,0.2369,3e-05,,,,
5.02,10650,0.184,3e-05,,,,
5.04,10700,0.1739,3e-05,,,,
5.07,10750,0.1967,3e-05,,,,
5.09,10800,0.1906,3e-05,,,,
5.11,10850,0.1933,3e-05,,,,
5.14,10900,0.1789,3e-05,,,,
5.16,10950,0.2057,3e-05,,,,
5.18,11000,0.1882,3e-05,,,,
5.21,11050,0.2008,3e-05,,,,
5.23,11100,0.19,3e-05,,,,
5.25,11150,0.1863,3e-05,,,,
5.28,11200,0.1889,3e-05,,,,
5.3,11250,0.198,3e-05,,,,
5.33,11300,0.2059,3e-05,,,,
5.35,11350,0.2019,3e-05,,,,
5.37,11400,0.1873,3e-05,,,,
5.4,11450,0.1915,3e-05,,,,
5.42,11500,0.1956,3e-05,,,,
5.44,11550,0.192,3e-05,,,,
5.47,11600,0.1964,3e-05,,,,
5.49,11650,0.1974,3e-05,,,,
5.51,11700,0.2037,3e-05,,,,
5.54,11750,0.1865,3e-05,,,,
5.56,11800,0.2091,3e-05,,,,
5.58,11850,0.1941,3e-05,,,,
5.61,11900,0.2028,3e-05,,,,
5.63,11950,0.1813,3e-05,,,,
5.66,12000,0.1894,3e-05,,,,
5.68,12050,0.1892,3e-05,,,,
5.7,12100,0.195,3e-05,,,,
5.73,12150,0.1961,3e-05,,,,
5.75,12200,0.2002,3e-05,,,,
5.77,12250,0.2051,3e-05,,,,
5.8,12300,0.2006,3e-05,,,,
5.82,12350,0.1903,3e-05,,,,
5.84,12400,0.1931,3e-05,,,,
5.87,12450,0.2179,3e-05,,,,
5.89,12500,0.2069,3e-05,,,,
5.91,12550,0.1866,3e-05,,,,
5.94,12600,0.1918,3e-05,,,,
5.96,12650,0.199,3e-05,,,,
5.99,12700,0.1897,3e-05,,,,
6.01,12750,0.1862,3e-05,,,,
6.03,12800,0.1446,3e-05,,,,
6.06,12850,0.146,3e-05,,,,
6.08,12900,0.1596,3e-05,,,,
6.1,12950,0.1402,3e-05,,,,
6.13,13000,0.1553,3e-05,,,,
6.15,13050,0.1515,3e-05,,,,
6.17,13100,0.1712,3e-05,,,,
6.2,13150,0.1667,3e-05,,,,
6.22,13200,0.1702,3e-05,,,,
6.24,13250,0.1718,3e-05,,,,
6.27,13300,0.1762,3e-05,,,,
6.29,13350,0.1693,3e-05,,,,
6.31,13400,0.1539,3e-05,,,,
6.34,13450,0.164,3e-05,,,,
6.36,13500,0.1552,3e-05,,,,
6.39,13550,0.1516,3e-05,,,,
6.41,13600,0.1676,3e-05,,,,
6.43,13650,0.1523,3e-05,,,,
6.46,13700,0.1683,3e-05,,,,
6.48,13750,0.152,3e-05,,,,
6.5,13800,0.1676,3e-05,,,,
6.53,13850,0.1598,3e-05,,,,
6.55,13900,0.163,3e-05,,,,
6.57,13950,0.1671,3e-05,,,,
6.6,14000,0.1701,3e-05,,,,
6.62,14050,0.1634,3e-05,,,,
6.64,14100,0.1503,3e-05,,,,
6.67,14150,0.1811,3e-05,,,,
6.69,14200,0.1606,3e-05,,,,
6.72,14250,0.1515,3e-05,,,,
6.74,14300,0.1573,3e-05,,,,
6.76,14350,0.1737,3e-05,,,,
6.79,14400,0.1586,3e-05,,,,
6.81,14450,0.159,3e-05,,,,
6.83,14500,0.1538,3e-05,,,,
6.86,14550,0.1697,3e-05,,,,
6.88,14600,0.1627,3e-05,,,,
6.9,14650,0.1634,3e-05,,,,
6.93,14700,0.1743,3e-05,,,,
6.95,14750,0.1687,3e-05,,,,
6.97,14800,0.1596,3e-05,,,,
7.0,14850,0.1581,3e-05,,,,
7.02,14900,0.1267,3e-05,,,,
7.05,14950,0.131,3e-05,,,,
7.07,15000,0.1225,3e-05,,,,
7.07,15000,,,0.26065,182.7428,159.207,39.805
7.09,15050,0.1267,3e-05,,,,
7.12,15100,0.1395,3e-05,,,,
7.14,15150,0.1365,3e-05,,,,
7.16,15200,0.1287,3e-05,,,,
7.19,15250,0.1367,3e-05,,,,
7.21,15300,0.134,3e-05,,,,
7.23,15350,0.1502,3e-05,,,,
7.26,15400,0.1436,3e-05,,,,
7.28,15450,0.1307,3e-05,,,,
7.3,15500,0.1341,3e-05,,,,
7.33,15550,0.1481,3e-05,,,,
7.35,15600,0.1251,3e-05,,,,
7.38,15650,0.1429,3e-05,,,,
7.4,15700,0.1361,3e-05,,,,
7.42,15750,0.1279,3e-05,,,,
7.45,15800,0.1226,3e-05,,,,
7.47,15850,0.1451,3e-05,,,,
7.49,15900,0.1372,3e-05,,,,
7.52,15950,0.1402,3e-05,,,,
7.54,16000,0.1483,3e-05,,,,
7.56,16050,0.1377,3e-05,,,,
7.59,16100,0.1348,3e-05,,,,
7.61,16150,0.1415,3e-05,,,,
7.63,16200,0.1556,3e-05,,,,
7.66,16250,0.1356,3e-05,,,,
7.68,16300,0.1395,3e-05,,,,
7.71,16350,0.1453,3e-05,,,,
7.73,16400,0.1306,3e-05,,,,
7.75,16450,0.1373,3e-05,,,,
7.78,16500,0.1371,3e-05,,,,
7.8,16550,0.1284,3e-05,,,,
7.82,16600,0.1297,3e-05,,,,
7.85,16650,0.1383,3e-05,,,,
7.87,16700,0.1457,3e-05,,,,
7.89,16750,0.1432,3e-05,,,,
7.92,16800,0.134,3e-05,,,,
7.94,16850,0.149,3e-05,,,,
7.96,16900,0.1394,3e-05,,,,
7.99,16950,0.1332,3e-05,,,,
8.01,17000,0.1204,3e-05,,,,
8.03,17050,0.112,3e-05,,,,
8.06,17100,0.1158,3e-05,,,,
8.08,17150,0.113,3e-05,,,,
8.11,17200,0.1145,3e-05,,,,
8.13,17250,0.1102,3e-05,,,,
8.15,17300,0.1039,3e-05,,,,
8.18,17350,0.1105,3e-05,,,,
8.2,17400,0.1134,3e-05,,,,
8.22,17450,0.1144,3e-05,,,,
8.25,17500,0.1122,3e-05,,,,
8.27,17550,0.1111,3e-05,,,,
8.29,17600,0.1216,3e-05,,,,
8.32,17650,0.1146,3e-05,,,,
8.34,17700,0.1256,3e-05,,,,
8.36,17750,0.118,3e-05,,,,
8.39,17800,0.1187,3e-05,,,,
8.41,17850,0.1122,3e-05,,,,
8.44,17900,0.1203,3e-05,,,,
8.46,17950,0.1224,3e-05,,,,
8.48,18000,0.1187,3e-05,,,,
8.51,18050,0.1241,3e-05,,,,
8.53,18100,0.1162,3e-05,,,,
8.55,18150,0.1159,3e-05,,,,
8.58,18200,0.1203,3e-05,,,,
8.6,18250,0.1188,3e-05,,,,
8.62,18300,0.1137,3e-05,,,,
8.65,18350,0.1262,3e-05,,,,
8.67,18400,0.1273,3e-05,,,,
8.69,18450,0.1284,3e-05,,,,
8.72,18500,0.129,3e-05,,,,
8.74,18550,0.1108,3e-05,,,,
8.77,18600,0.1224,3e-05,,,,
8.79,18650,0.1125,3e-05,,,,
8.81,18700,0.1181,3e-05,,,,
8.84,18750,0.1168,3e-05,,,,
8.86,18800,0.1341,3e-05,,,,
8.88,18850,0.1083,3e-05,,,,
8.91,18900,0.1092,3e-05,,,,
8.93,18950,0.1257,3e-05,,,,
8.95,19000,0.1236,3e-05,,,,
8.98,19050,0.126,3e-05,,,,
9.0,19100,0.1248,3e-05,,,,
9.02,19150,0.1013,3e-05,,,,
9.05,19200,0.0908,3e-05,,,,
9.07,19250,0.0992,3e-05,,,,
9.1,19300,0.0898,3e-05,,,,
9.12,19350,0.0984,3e-05,,,,
9.14,19400,0.1017,3e-05,,,,
9.17,19450,0.0943,3e-05,,,,
9.19,19500,0.0984,3e-05,,,,
9.21,19550,0.1104,3e-05,,,,
9.24,19600,0.1006,3e-05,,,,
9.26,19650,0.1037,3e-05,,,,
9.28,19700,0.1015,3e-05,,,,
9.31,19750,0.111,3e-05,,,,
9.33,19800,0.1006,3e-05,,,,
9.35,19850,0.1088,3e-05,,,,
9.38,19900,0.1027,3e-05,,,,
9.4,19950,0.108,3e-05,,,,
9.43,20000,0.1009,3e-05,,,,
9.43,20000,,,0.24852,187.141,155.466,38.869
9.45,20050,0.1123,3e-05,,,,
9.47,20100,0.1082,3e-05,,,,
9.5,20150,0.096,3e-05,,,,
9.52,20200,0.107,3e-05,,,,
9.54,20250,0.1015,3e-05,,,,
9.57,20300,0.1069,3e-05,,,,
9.59,20350,0.1094,3e-05,,,,
9.61,20400,0.1052,3e-05,,,,
9.64,20450,0.1105,3e-05,,,,
9.66,20500,0.109,3e-05,,,,
9.68,20550,0.1097,3e-05,,,,
9.71,20600,0.106,3e-05,,,,
9.73,20650,0.106,3e-05,,,,
9.76,20700,0.113,3e-05,,,,
9.78,20750,0.107,3e-05,,,,
9.8,20800,0.1065,3e-05,,,,
9.83,20850,0.1105,3e-05,,,,
9.85,20900,0.1132,3e-05,,,,
9.87,20950,0.11,3e-05,,,,
9.9,21000,0.0986,3e-05,,,,
9.92,21050,0.1229,3e-05,,,,
9.94,21100,0.1033,3e-05,,,,
9.97,21150,0.1045,3e-05,,,,
9.99,21200,0.1049,3e-05,,,,
10.01,21250,0.0866,2e-05,,,,
10.04,21300,0.0856,2e-05,,,,
10.06,21350,0.0909,2e-05,,,,
10.08,21400,0.0882,2e-05,,,,
10.11,21450,0.089,2e-05,,,,
10.13,21500,0.0888,2e-05,,,,
10.16,21550,0.0873,2e-05,,,,
10.18,21600,0.0845,2e-05,,,,
10.2,21650,0.0858,2e-05,,,,
10.23,21700,0.0969,2e-05,,,,
10.25,21750,0.0922,2e-05,,,,
10.27,21800,0.0942,2e-05,,,,
10.3,21850,0.0941,2e-05,,,,
10.32,21900,0.0996,2e-05,,,,
10.34,21950,0.0944,2e-05,,,,
10.37,22000,0.0893,2e-05,,,,
10.39,22050,0.0912,2e-05,,,,
10.41,22100,0.0966,2e-05,,,,
10.44,22150,0.0856,2e-05,,,,
10.46,22200,0.0887,2e-05,,,,
10.49,22250,0.0885,2e-05,,,,
10.51,22300,0.0855,2e-05,,,,
10.53,22350,0.0871,2e-05,,,,
10.56,22400,0.105,2e-05,,,,
10.58,22450,0.0963,2e-05,,,,
10.6,22500,0.0952,2e-05,,,,
10.63,22550,0.0917,2e-05,,,,
10.65,22600,0.0891,2e-05,,,,
10.67,22650,0.0951,2e-05,,,,
10.7,22700,0.089,2e-05,,,,
10.72,22750,0.0985,2e-05,,,,
10.74,22800,0.0863,2e-05,,,,
10.77,22850,0.0872,2e-05,,,,
10.79,22900,0.0977,2e-05,,,,
10.82,22950,0.0999,2e-05,,,,
10.84,23000,0.0905,2e-05,,,,
10.86,23050,0.099,2e-05,,,,
10.89,23100,0.0932,2e-05,,,,
10.91,23150,0.0906,2e-05,,,,
10.93,23200,0.0959,2e-05,,,,
10.96,23250,0.0933,2e-05,,,,
10.98,23300,0.0998,2e-05,,,,
11.0,23350,0.09,2e-05,,,,
11.03,23400,0.0768,2e-05,,,,
11.05,23450,0.0825,2e-05,,,,
11.07,23500,0.0741,2e-05,,,,
11.1,23550,0.0751,2e-05,,,,
11.12,23600,0.0795,2e-05,,,,
11.15,23650,0.0801,2e-05,,,,
11.17,23700,0.0731,2e-05,,,,
11.19,23750,0.0748,2e-05,,,,
11.22,23800,0.0837,2e-05,,,,
11.24,23850,0.0791,2e-05,,,,
11.26,23900,0.0842,2e-05,,,,
11.29,23950,0.0793,2e-05,,,,
11.31,24000,0.0825,2e-05,,,,
11.33,24050,0.0749,2e-05,,,,
11.36,24100,0.0792,2e-05,,,,
11.38,24150,0.0912,2e-05,,,,
11.4,24200,0.0816,2e-05,,,,
11.43,24250,0.0877,2e-05,,,,
11.45,24300,0.0793,2e-05,,,,
11.48,24350,0.0818,2e-05,,,,
11.5,24400,0.0842,2e-05,,,,
11.52,24450,0.0939,2e-05,,,,
11.55,24500,0.0806,2e-05,,,,
11.57,24550,0.0844,2e-05,,,,
11.59,24600,0.0846,2e-05,,,,
11.62,24650,0.0842,2e-05,,,,
11.64,24700,0.093,2e-05,,,,
11.66,24750,0.0885,2e-05,,,,
11.69,24800,0.08,2e-05,,,,
11.71,24850,0.0868,2e-05,,,,
11.73,24900,0.0782,2e-05,,,,
11.76,24950,0.0888,2e-05,,,,
11.78,25000,0.0803,2e-05,,,,
11.78,25000,,,0.24693,184.1118,158.024,39.509
11.81,25050,0.0876,2e-05,,,,
11.83,25100,0.0829,2e-05,,,,
11.85,25150,0.0947,2e-05,,,,
11.88,25200,0.0876,2e-05,,,,
11.9,25250,0.0898,2e-05,,,,
11.92,25300,0.086,2e-05,,,,
11.95,25350,0.0851,2e-05,,,,
11.97,25400,0.0906,2e-05,,,,
11.99,25450,0.0878,2e-05,,,,
12.02,25500,0.075,2e-05,,,,
12.04,25550,0.0706,2e-05,,,,
12.06,25600,0.0708,2e-05,,,,
12.09,25650,0.0707,2e-05,,,,
12.11,25700,0.0693,2e-05,,,,
12.13,25750,0.0767,2e-05,,,,
12.16,25800,0.0699,2e-05,,,,
12.18,25850,0.0655,2e-05,,,,
12.21,25900,0.0658,2e-05,,,,
12.23,25950,0.0753,2e-05,,,,
12.25,26000,0.0771,2e-05,,,,
12.28,26050,0.0755,2e-05,,,,
12.3,26100,0.0718,2e-05,,,,
12.32,26150,0.0721,2e-05,,,,
12.35,26200,0.0799,2e-05,,,,
12.37,26250,0.0713,2e-05,,,,
12.39,26300,0.0723,2e-05,,,,
12.42,26350,0.0713,2e-05,,,,
12.44,26400,0.0778,2e-05,,,,
12.46,26450,0.0756,2e-05,,,,
12.49,26500,0.0748,2e-05,,,,
12.51,26550,0.0744,2e-05,,,,
12.54,26600,0.0802,2e-05,,,,
12.56,26650,0.0834,2e-05,,,,
12.58,26700,0.0737,2e-05,,,,
12.61,26750,0.0777,2e-05,,,,
12.63,26800,0.0856,2e-05,,,,
12.65,26850,0.0856,2e-05,,,,
12.68,26900,0.0754,2e-05,,,,
12.7,26950,0.0845,2e-05,,,,
12.72,27000,0.0772,2e-05,,,,
12.75,27050,0.0829,2e-05,,,,
12.77,27100,0.0771,2e-05,,,,
12.79,27150,0.0801,2e-05,,,,
12.82,27200,0.0757,2e-05,,,,
12.84,27250,0.0758,2e-05,,,,
12.87,27300,0.0701,2e-05,,,,
12.89,27350,0.0856,2e-05,,,,
12.91,27400,0.077,2e-05,,,,
12.94,27450,0.0707,2e-05,,,,
12.96,27500,0.0835,2e-05,,,,
12.98,27550,0.0752,2e-05,,,,
13.01,27600,0.0725,2e-05,,,,
13.03,27650,0.0619,2e-05,,,,
13.05,27700,0.0571,2e-05,,,,
13.08,27750,0.0693,2e-05,,,,
13.1,27800,0.0673,2e-05,,,,
13.12,27850,0.0637,2e-05,,,,
13.15,27900,0.0617,2e-05,,,,
13.17,27950,0.0619,2e-05,,,,
13.2,28000,0.0664,2e-05,,,,
13.22,28050,0.0655,2e-05,,,,
13.24,28100,0.069,2e-05,,,,
13.27,28150,0.0636,2e-05,,,,
13.29,28200,0.0657,2e-05,,,,
13.31,28250,0.0698,2e-05,,,,
13.34,28300,0.0666,2e-05,,,,
13.36,28350,0.0778,2e-05,,,,
13.38,28400,0.0599,2e-05,,,,
13.41,28450,0.0603,2e-05,,,,
13.43,28500,0.0716,2e-05,,,,
13.45,28550,0.0749,2e-05,,,,
13.48,28600,0.0734,2e-05,,,,
13.5,28650,0.0712,2e-05,,,,
13.53,28700,0.0623,2e-05,,,,
13.55,28750,0.0716,2e-05,,,,
13.57,28800,0.0808,2e-05,,,,
13.6,28850,0.0693,2e-05,,,,
13.62,28900,0.0734,2e-05,,,,
13.64,28950,0.0683,2e-05,,,,
13.67,29000,0.0724,2e-05,,,,
13.69,29050,0.0791,2e-05,,,,
13.71,29100,0.0715,2e-05,,,,
13.74,29150,0.0711,2e-05,,,,
13.76,29200,0.0737,2e-05,,,,
13.78,29250,0.0723,2e-05,,,,
13.81,29300,0.0674,2e-05,,,,
13.83,29350,0.074,2e-05,,,,
13.86,29400,0.0739,2e-05,,,,
13.88,29450,0.0828,2e-05,,,,
13.9,29500,0.0719,2e-05,,,,
13.93,29550,0.0705,2e-05,,,,
13.95,29600,0.0705,2e-05,,,,
13.97,29650,0.0692,2e-05,,,,
14.0,29700,0.0735,2e-05,,,,
14.02,29750,0.0591,2e-05,,,,
14.04,29800,0.0534,2e-05,,,,
14.07,29850,0.0534,2e-05,,,,
14.09,29900,0.0577,2e-05,,,,
14.11,29950,0.0515,2e-05,,,,
14.14,30000,0.0601,2e-05,,,,
14.14,30000,,,0.2469,169.1832,171.967,42.995
14.16,30050,0.0572,2e-05,,,,
14.18,30100,0.0541,2e-05,,,,
14.21,30150,0.0521,2e-05,,,,
14.23,30200,0.0625,2e-05,,,,
14.26,30250,0.0603,2e-05,,,,
14.28,30300,0.0571,2e-05,,,,
14.3,30350,0.0647,2e-05,,,,
14.33,30400,0.067,2e-05,,,,
14.35,30450,0.0605,2e-05,,,,
14.37,30500,0.0658,2e-05,,,,
14.4,30550,0.0702,2e-05,,,,
14.42,30600,0.0671,2e-05,,,,
14.44,30650,0.0652,2e-05,,,,
14.47,30700,0.0703,2e-05,,,,
14.49,30750,0.0677,2e-05,,,,
14.51,30800,0.0692,2e-05,,,,
14.54,30850,0.0656,2e-05,,,,
14.56,30900,0.0595,2e-05,,,,
14.59,30950,0.076,2e-05,,,,
14.61,31000,0.0645,2e-05,,,,
14.63,31050,0.0713,2e-05,,,,
14.66,31100,0.0633,2e-05,,,,
14.68,31150,0.0635,2e-05,,,,
14.7,31200,0.0693,2e-05,,,,
14.73,31250,0.0722,2e-05,,,,
14.75,31300,0.0639,2e-05,,,,
14.77,31350,0.0698,2e-05,,,,
14.8,31400,0.0658,2e-05,,,,
14.82,31450,0.0669,2e-05,,,,
14.84,31500,0.0684,2e-05,,,,
14.87,31550,0.0672,2e-05,,,,
14.89,31600,0.0705,2e-05,,,,
14.92,31650,0.0655,2e-05,,,,
14.94,31700,0.0632,2e-05,,,,
14.96,31750,0.064,2e-05,,,,
14.99,31800,0.0708,2e-05,,,,
15.01,31850,0.0545,2e-05,,,,
15.03,31900,0.0544,2e-05,,,,
15.06,31950,0.0507,2e-05,,,,
15.08,32000,0.0541,2e-05,,,,
15.1,32050,0.056,2e-05,,,,
15.13,32100,0.0526,2e-05,,,,
15.15,32150,0.0593,2e-05,,,,
15.17,32200,0.0495,2e-05,,,,
15.2,32250,0.0552,2e-05,,,,
15.22,32300,0.0494,2e-05,,,,
15.25,32350,0.0561,2e-05,,,,
15.27,32400,0.0652,2e-05,,,,
15.29,32450,0.0531,2e-05,,,,
15.32,32500,0.0577,2e-05,,,,
15.34,32550,0.0644,2e-05,,,,
15.36,32600,0.0573,2e-05,,,,
15.39,32650,0.0633,2e-05,,,,
15.41,32700,0.0575,2e-05,,,,
15.43,32750,0.0595,2e-05,,,,
15.46,32800,0.0594,2e-05,,,,
15.48,32850,0.0629,2e-05,,,,
15.5,32900,0.0605,2e-05,,,,
15.53,32950,0.0585,2e-05,,,,
15.55,33000,0.0601,2e-05,,,,
15.58,33050,0.071,2e-05,,,,
15.6,33100,0.0573,2e-05,,,,
15.62,33150,0.0595,2e-05,,,,
15.65,33200,0.0635,2e-05,,,,
15.67,33250,0.0615,2e-05,,,,
15.69,33300,0.067,2e-05,,,,
15.72,33350,0.0573,2e-05,,,,
15.74,33400,0.0606,2e-05,,,,
15.76,33450,0.0646,2e-05,,,,
15.79,33500,0.0702,2e-05,,,,
15.81,33550,0.064,2e-05,,,,
15.83,33600,0.0624,2e-05,,,,
15.86,33650,0.0612,2e-05,,,,
15.88,33700,0.0676,2e-05,,,,
15.91,33750,0.0662,2e-05,,,,
15.93,33800,0.0534,2e-05,,,,
15.95,33850,0.0637,2e-05,,,,
15.98,33900,0.0679,2e-05,,,,
16.0,33950,0.0677,2e-05,,,,
16.02,34000,0.0462,2e-05,,,,
16.05,34050,0.0497,2e-05,,,,
16.07,34100,0.0425,2e-05,,,,
16.09,34150,0.0592,2e-05,,,,
16.12,34200,0.0465,2e-05,,,,
16.14,34250,0.0465,2e-05,,,,
16.16,34300,0.0522,2e-05,,,,
16.19,34350,0.0472,2e-05,,,,
16.21,34400,0.0552,2e-05,,,,
16.23,34450,0.0534,2e-05,,,,
16.26,34500,0.0533,2e-05,,,,
16.28,34550,0.0577,2e-05,,,,
16.31,34600,0.0561,2e-05,,,,
16.33,34650,0.057,2e-05,,,,
16.35,34700,0.0589,2e-05,,,,
16.38,34750,0.0578,2e-05,,,,
16.4,34800,0.0511,2e-05,,,,
16.42,34850,0.0502,2e-05,,,,
16.45,34900,0.0603,2e-05,,,,
16.47,34950,0.061,2e-05,,,,
16.49,35000,0.0606,2e-05,,,,
16.49,35000,,,0.248,168.6831,172.477,43.122
16.52,35050,0.0489,2e-05,,,,
16.54,35100,0.0545,2e-05,,,,
16.56,35150,0.055,2e-05,,,,
16.59,35200,0.0577,2e-05,,,,
16.61,35250,0.0521,2e-05,,,,
16.64,35300,0.0626,2e-05,,,,
16.66,35350,0.0596,2e-05,,,,
16.68,35400,0.0584,2e-05,,,,
16.71,35450,0.0604,2e-05,,,,
16.73,35500,0.0558,2e-05,,,,
16.75,35550,0.0532,2e-05,,,,
16.78,35600,0.0604,2e-05,,,,
16.8,35650,0.0596,2e-05,,,,
16.82,35700,0.0676,2e-05,,,,
16.85,35750,0.0621,2e-05,,,,
16.87,35800,0.0586,2e-05,,,,
16.89,35850,0.0597,2e-05,,,,
16.92,35900,0.0609,2e-05,,,,
16.94,35950,0.0637,2e-05,,,,
16.97,36000,0.0638,2e-05,,,,
16.99,36050,0.0571,2e-05,,,,
17.01,36100,0.0548,2e-05,,,,
17.04,36150,0.0451,2e-05,,,,
17.06,36200,0.0444,2e-05,,,,
17.08,36250,0.0455,2e-05,,,,
17.11,36300,0.0553,2e-05,,,,
17.13,36350,0.051,2e-05,,,,
17.15,36400,0.0469,2e-05,,,,
17.18,36450,0.0492,2e-05,,,,
17.2,36500,0.0464,2e-05,,,,
17.22,36550,0.0508,2e-05,,,,
17.25,36600,0.051,2e-05,,,,
17.27,36650,0.0504,2e-05,,,,
17.3,36700,0.0504,2e-05,,,,
17.32,36750,0.0527,2e-05,,,,
17.34,36800,0.0496,2e-05,,,,
17.37,36850,0.0604,2e-05,,,,
17.39,36900,0.0612,2e-05,,,,
17.41,36950,0.0518,2e-05,,,,
17.44,37000,0.0484,2e-05,,,,
17.46,37050,0.0521,2e-05,,,,
17.48,37100,0.0482,2e-05,,,,
17.51,37150,0.0572,2e-05,,,,
17.53,37200,0.0495,2e-05,,,,
17.55,37250,0.0469,2e-05,,,,
17.58,37300,0.0525,2e-05,,,,
17.6,37350,0.0474,2e-05,,,,
17.63,37400,0.0494,2e-05,,,,
17.65,37450,0.0551,2e-05,,,,
17.67,37500,0.0507,2e-05,,,,
17.7,37550,0.0535,2e-05,,,,
17.72,37600,0.0575,2e-05,,,,
17.74,37650,0.0569,2e-05,,,,
17.77,37700,0.053,2e-05,,,,
17.79,37750,0.0556,2e-05,,,,
17.81,37800,0.0561,2e-05,,,,
17.84,37850,0.0619,2e-05,,,,
17.86,37900,0.0523,2e-05,,,,
17.88,37950,0.0517,2e-05,,,,
17.91,38000,0.0582,2e-05,,,,
17.93,38050,0.0577,2e-05,,,,
17.96,38100,0.0586,2e-05,,,,
17.98,38150,0.06,2e-05,,,,
18.0,38200,0.0525,2e-05,,,,
18.03,38250,0.0409,2e-05,,,,
18.05,38300,0.0443,2e-05,,,,
18.07,38350,0.0412,2e-05,,,,
18.1,38400,0.045,2e-05,,,,
18.12,38450,0.0474,2e-05,,,,
18.14,38500,0.0401,2e-05,,,,
18.17,38550,0.0488,2e-05,,,,
18.19,38600,0.0469,2e-05,,,,
18.21,38650,0.0509,2e-05,,,,
18.24,38700,0.0469,2e-05,,,,
18.26,38750,0.0521,2e-05,,,,
18.28,38800,0.0472,2e-05,,,,
18.31,38850,0.0465,2e-05,,,,
18.33,38900,0.0492,2e-05,,,,
18.36,38950,0.0493,2e-05,,,,
18.38,39000,0.0566,2e-05,,,,
18.4,39050,0.0486,2e-05,,,,
18.43,39100,0.0517,2e-05,,,,
18.45,39150,0.0417,2e-05,,,,
18.47,39200,0.0527,2e-05,,,,
18.5,39250,0.0497,2e-05,,,,
18.52,39300,0.0431,2e-05,,,,
18.54,39350,0.0554,2e-05,,,,
18.57,39400,0.0521,2e-05,,,,
18.59,39450,0.0515,2e-05,,,,
18.61,39500,0.0504,2e-05,,,,
18.64,39550,0.0524,2e-05,,,,
18.66,39600,0.0549,2e-05,,,,
18.69,39650,0.0526,2e-05,,,,
18.71,39700,0.05,2e-05,,,,
18.73,39750,0.0583,2e-05,,,,
18.76,39800,0.051,2e-05,,,,
18.78,39850,0.0527,2e-05,,,,
18.8,39900,0.0573,2e-05,,,,
18.83,39950,0.0521,2e-05,,,,
18.85,40000,0.0533,2e-05,,,,
18.85,40000,,,0.25146,169.9528,171.189,42.8
18.87,40050,0.0494,2e-05,,,,
18.9,40100,0.0592,2e-05,,,,
18.92,40150,0.0453,2e-05,,,,
18.94,40200,0.0514,2e-05,,,,
18.97,40250,0.0473,2e-05,,,,
18.99,40300,0.0506,2e-05,,,,
19.02,40350,0.0442,2e-05,,,,
19.04,40400,0.0441,2e-05,,,,
19.06,40450,0.0404,2e-05,,,,
19.09,40500,0.0385,2e-05,,,,
19.11,40550,0.0439,2e-05,,,,
19.13,40600,0.0447,2e-05,,,,
19.16,40650,0.0428,2e-05,,,,
19.18,40700,0.044,2e-05,,,,
19.2,40750,0.0416,2e-05,,,,
19.23,40800,0.0401,2e-05,,,,
19.25,40850,0.0413,2e-05,,,,
19.27,40900,0.0474,2e-05,,,,
19.3,40950,0.0493,2e-05,,,,
19.32,41000,0.0511,2e-05,,,,
19.35,41050,0.0423,2e-05,,,,
19.37,41100,0.0438,2e-05,,,,
19.39,41150,0.0456,2e-05,,,,
19.42,41200,0.0493,2e-05,,,,
19.44,41250,0.0513,2e-05,,,,
19.46,41300,0.0452,2e-05,,,,
19.49,41350,0.0499,2e-05,,,,
19.51,41400,0.0402,2e-05,,,,
19.53,41450,0.0465,2e-05,,,,
19.56,41500,0.0413,2e-05,,,,
19.58,41550,0.0488,2e-05,,,,
19.6,41600,0.0427,2e-05,,,,
19.63,41650,0.0476,2e-05,,,,
19.65,41700,0.0498,2e-05,,,,
19.68,41750,0.0462,2e-05,,,,
19.7,41800,0.0452,2e-05,,,,
19.72,41850,0.0478,2e-05,,,,
19.75,41900,0.0532,2e-05,,,,
19.77,41950,0.0519,2e-05,,,,
19.79,42000,0.0477,2e-05,,,,
19.82,42050,0.0537,2e-05,,,,
19.84,42100,0.0519,2e-05,,,,
19.86,42150,0.0536,2e-05,,,,
19.89,42200,0.0503,2e-05,,,,
19.91,42250,0.0475,2e-05,,,,
19.93,42300,0.0457,2e-05,,,,
19.96,42350,0.0461,2e-05,,,,
19.98,42400,0.0518,2e-05,,,,
20.0,42450,0.0454,2e-05,,,,
20.03,42500,0.0383,2e-05,,,,
20.05,42550,0.0416,2e-05,,,,
20.08,42600,0.0451,2e-05,,,,
20.1,42650,0.0456,2e-05,,,,
20.12,42700,0.0445,2e-05,,,,
20.15,42750,0.0381,2e-05,,,,
20.17,42800,0.0438,2e-05,,,,
20.19,42850,0.0398,2e-05,,,,
20.22,42900,0.0432,2e-05,,,,
20.24,42950,0.0406,2e-05,,,,
20.26,43000,0.0459,2e-05,,,,
20.29,43050,0.0426,2e-05,,,,
20.31,43100,0.0487,2e-05,,,,
20.33,43150,0.0428,2e-05,,,,
20.36,43200,0.0488,2e-05,,,,
20.38,43250,0.0392,2e-05,,,,
20.41,43300,0.0415,2e-05,,,,
20.43,43350,0.0472,2e-05,,,,
20.45,43400,0.0452,2e-05,,,,
20.48,43450,0.0426,2e-05,,,,
20.5,43500,0.049,2e-05,,,,
20.52,43550,0.0442,2e-05,,,,
20.55,43600,0.0452,2e-05,,,,
20.57,43650,0.0461,2e-05,,,,
20.59,43700,0.0432,2e-05,,,,
20.62,43750,0.0386,2e-05,,,,
20.64,43800,0.0493,2e-05,,,,
20.66,43850,0.0473,2e-05,,,,
20.69,43900,0.046,2e-05,,,,
20.71,43950,0.0432,2e-05,,,,
20.74,44000,0.0528,2e-05,,,,
20.76,44050,0.0426,2e-05,,,,
20.78,44100,0.0461,2e-05,,,,
20.81,44150,0.0487,2e-05,,,,
20.83,44200,0.0404,2e-05,,,,
20.85,44250,0.0431,2e-05,,,,
20.88,44300,0.0495,2e-05,,,,
20.9,44350,0.0429,2e-05,,,,
20.92,44400,0.0513,2e-05,,,,
20.95,44450,0.049,2e-05,,,,
20.97,44500,0.05,2e-05,,,,
20.99,44550,0.047,2e-05,,,,
21.02,44600,0.0396,2e-05,,,,
21.04,44650,0.0398,2e-05,,,,
21.07,44700,0.0355,2e-05,,,,
21.09,44750,0.0374,2e-05,,,,
21.11,44800,0.0405,2e-05,,,,
21.14,44850,0.0375,2e-05,,,,
21.16,44900,0.042,2e-05,,,,
21.18,44950,0.0398,2e-05,,,,
21.21,45000,0.0376,2e-05,,,,
21.21,45000,,,0.26019,169.0855,172.067,43.02
21.23,45050,0.0387,2e-05,,,,
21.25,45100,0.0357,2e-05,,,,
21.28,45150,0.0422,2e-05,,,,
21.3,45200,0.041,2e-05,,,,
21.32,45250,0.0387,2e-05,,,,
21.35,45300,0.0427,2e-05,,,,
21.37,45350,0.0408,2e-05,,,,
21.4,45400,0.0426,2e-05,,,,
21.42,45450,0.0382,2e-05,,,,
21.44,45500,0.0483,2e-05,,,,
21.47,45550,0.0368,2e-05,,,,
21.49,45600,0.0407,2e-05,,,,
21.51,45650,0.0439,2e-05,,,,
21.54,45700,0.0421,2e-05,,,,
21.56,45750,0.0455,2e-05,,,,
21.58,45800,0.0426,2e-05,,,,
21.61,45850,0.0467,2e-05,,,,
21.63,45900,0.0468,2e-05,,,,
21.65,45950,0.0484,2e-05,,,,
21.68,46000,0.0391,2e-05,,,,
21.7,46050,0.0421,2e-05,,,,
21.73,46100,0.0456,2e-05,,,,
21.75,46150,0.0476,2e-05,,,,
21.77,46200,0.0441,2e-05,,,,
21.8,46250,0.0397,2e-05,,,,
21.82,46300,0.046,2e-05,,,,
21.84,46350,0.046,2e-05,,,,
21.87,46400,0.0466,2e-05,,,,
21.89,46450,0.0435,2e-05,,,,
21.91,46500,0.0521,2e-05,,,,
21.94,46550,0.0474,2e-05,,,,
21.96,46600,0.0461,2e-05,,,,
21.98,46650,0.0476,2e-05,,,,
22.01,46700,0.0404,1e-05,,,,
22.03,46750,0.0364,1e-05,,,,
22.05,46800,0.0377,1e-05,,,,
22.08,46850,0.0358,1e-05,,,,
22.1,46900,0.038,1e-05,,,,
22.13,46950,0.038,1e-05,,,,
22.15,47000,0.036,1e-05,,,,
22.17,47050,0.0358,1e-05,,,,
22.2,47100,0.0373,1e-05,,,,
22.22,47150,0.0368,1e-05,,,,
22.24,47200,0.044,1e-05,,,,
22.27,47250,0.0409,1e-05,,,,
22.29,47300,0.0405,1e-05,,,,
22.31,47350,0.0401,1e-05,,,,
22.34,47400,0.0388,1e-05,,,,
22.36,47450,0.038,1e-05,,,,
22.38,47500,0.0448,1e-05,,,,
22.41,47550,0.0397,1e-05,,,,
22.43,47600,0.0392,1e-05,,,,
22.46,47650,0.0436,1e-05,,,,
22.48,47700,0.0436,1e-05,,,,
22.5,47750,0.0357,1e-05,,,,
22.53,47800,0.0373,1e-05,,,,
22.55,47850,0.0382,1e-05,,,,
22.57,47900,0.0422,1e-05,,,,
22.6,47950,0.0364,1e-05,,,,
22.62,48000,0.0424,1e-05,,,,
22.64,48050,0.0444,1e-05,,,,
22.67,48100,0.0377,1e-05,,,,
22.69,48150,0.0396,1e-05,,,,
22.71,48200,0.0398,1e-05,,,,
22.74,48250,0.0401,1e-05,,,,
22.76,48300,0.0416,1e-05,,,,
22.79,48350,0.048,1e-05,,,,
22.81,48400,0.0464,1e-05,,,,
22.83,48450,0.0436,1e-05,,,,
22.86,48500,0.0413,1e-05,,,,
22.88,48550,0.0475,1e-05,,,,
22.9,48600,0.0468,1e-05,,,,
22.93,48650,0.0444,1e-05,,,,
22.95,48700,0.0455,1e-05,,,,
22.97,48750,0.0445,1e-05,,,,
23.0,48800,0.0468,1e-05,,,,
23.02,48850,0.0307,1e-05,,,,
23.04,48900,0.0347,1e-05,,,,
23.07,48950,0.0416,1e-05,,,,
23.09,49000,0.0379,1e-05,,,,
23.12,49050,0.0308,1e-05,,,,
23.14,49100,0.0388,1e-05,,,,
23.16,49150,0.0344,1e-05,,,,
23.19,49200,0.0371,1e-05,,,,
23.21,49250,0.0376,1e-05,,,,
23.23,49300,0.0375,1e-05,,,,
23.26,49350,0.0382,1e-05,,,,
23.28,49400,0.0404,1e-05,,,,
23.3,49450,0.0333,1e-05,,,,
23.33,49500,0.0363,1e-05,,,,
23.35,49550,0.0341,1e-05,,,,
23.37,49600,0.0366,1e-05,,,,
23.4,49650,0.0374,1e-05,,,,
23.42,49700,0.0387,1e-05,,,,
23.44,49750,0.035,1e-05,,,,
23.47,49800,0.0351,1e-05,,,,
23.49,49850,0.0345,1e-05,,,,
23.52,49900,0.0388,1e-05,,,,
23.54,49950,0.0402,1e-05,,,,
23.56,50000,0.0394,1e-05,,,,
23.56,50000,,,0.26002,169.0372,172.116,43.032
23.59,50050,0.0335,1e-05,,,,
23.61,50100,0.0437,1e-05,,,,
23.63,50150,0.04,1e-05,,,,
23.66,50200,0.0399,1e-05,,,,
23.68,50250,0.0447,1e-05,,,,
23.7,50300,0.0379,1e-05,,,,
23.73,50350,0.0386,1e-05,,,,
23.75,50400,0.0382,1e-05,,,,
23.77,50450,0.0355,1e-05,,,,
23.8,50500,0.0384,1e-05,,,,
23.82,50550,0.0452,1e-05,,,,
23.85,50600,0.0422,1e-05,,,,
23.87,50650,0.0406,1e-05,,,,
23.89,50700,0.0407,1e-05,,,,
23.92,50750,0.0422,1e-05,,,,
23.94,50800,0.0405,1e-05,,,,
23.96,50850,0.0449,1e-05,,,,
23.99,50900,0.0462,1e-05,,,,
24.01,50950,0.0308,1e-05,,,,
24.03,51000,0.0283,1e-05,,,,
24.06,51050,0.0332,1e-05,,,,
24.08,51100,0.0329,1e-05,,,,
24.1,51150,0.0347,1e-05,,,,
24.13,51200,0.0356,1e-05,,,,
24.15,51250,0.0329,1e-05,,,,
24.18,51300,0.0302,1e-05,,,,
24.2,51350,0.0329,1e-05,,,,
24.22,51400,0.036,1e-05,,,,
24.25,51450,0.0343,1e-05,,,,
24.27,51500,0.0344,1e-05,,,,
24.29,51550,0.035,1e-05,,,,
24.32,51600,0.0397,1e-05,,,,
24.34,51650,0.0362,1e-05,,,,
24.36,51700,0.0309,1e-05,,,,
24.39,51750,0.0324,1e-05,,,,
24.41,51800,0.0386,1e-05,,,,
24.43,51850,0.0379,1e-05,,,,
24.46,51900,0.039,1e-05,,,,
24.48,51950,0.0411,1e-05,,,,
24.51,52000,0.0431,1e-05,,,,
24.53,52050,0.0349,1e-05,,,,
24.55,52100,0.0387,1e-05,,,,
24.58,52150,0.0365,1e-05,,,,
24.6,52200,0.0383,1e-05,,,,
24.62,52250,0.0385,1e-05,,,,
24.65,52300,0.0399,1e-05,,,,
24.67,52350,0.0363,1e-05,,,,
24.69,52400,0.0394,1e-05,,,,
24.72,52450,0.0386,1e-05,,,,
24.74,52500,0.0354,1e-05,,,,
24.76,52550,0.036,1e-05,,,,
24.79,52600,0.0439,1e-05,,,,
24.81,52650,0.0399,1e-05,,,,
24.84,52700,0.0359,1e-05,,,,
24.86,52750,0.0405,1e-05,,,,
24.88,52800,0.0385,1e-05,,,,
24.91,52850,0.0383,1e-05,,,,
24.93,52900,0.0444,1e-05,,,,
24.95,52950,0.0398,1e-05,,,,
24.98,53000,0.0345,1e-05,,,,
25.0,53050,0.0411,1e-05,,,,
25.02,53100,0.0293,1e-05,,,,
25.05,53150,0.0325,1e-05,,,,
25.07,53200,0.0283,1e-05,,,,
25.09,53250,0.0279,1e-05,,,,
25.12,53300,0.03,1e-05,,,,
25.14,53350,0.032,1e-05,,,,
25.16,53400,0.0319,1e-05,,,,
25.19,53450,0.0353,1e-05,,,,
25.21,53500,0.0369,1e-05,,,,
25.24,53550,0.036,1e-05,,,,
25.26,53600,0.0288,1e-05,,,,
25.28,53650,0.037,1e-05,,,,
25.31,53700,0.033,1e-05,,,,
25.33,53750,0.0311,1e-05,,,,
25.35,53800,0.0417,1e-05,,,,
25.38,53850,0.0341,1e-05,,,,
25.4,53900,0.0369,1e-05,,,,
25.42,53950,0.0357,1e-05,,,,
25.45,54000,0.0381,1e-05,,,,
25.47,54050,0.0339,1e-05,,,,
25.49,54100,0.0375,1e-05,,,,
25.52,54150,0.0376,1e-05,,,,
25.54,54200,0.0342,1e-05,,,,
25.57,54250,0.0356,1e-05,,,,
25.59,54300,0.0366,1e-05,,,,
25.61,54350,0.0336,1e-05,,,,
25.64,54400,0.039,1e-05,,,,
25.66,54450,0.0313,1e-05,,,,
25.68,54500,0.0418,1e-05,,,,
25.71,54550,0.037,1e-05,,,,
25.73,54600,0.0369,1e-05,,,,
25.75,54650,0.0371,1e-05,,,,
25.78,54700,0.0355,1e-05,,,,
25.8,54750,0.0306,1e-05,,,,
25.82,54800,0.0428,1e-05,,,,
25.85,54850,0.0385,1e-05,,,,
25.87,54900,0.0338,1e-05,,,,
25.9,54950,0.0383,1e-05,,,,
25.92,55000,0.0407,1e-05,,,,
25.92,55000,,,0.26316,169.3952,171.752,42.941
25.92,55000,,,,,,
25.92,55000,,,0.2469,170.9735,170.167,42.545
25.95,55050,0.0414,1e-05,,,,
25.98,55100,0.0362,1e-05,,,,
26.0,55150,0.0386,1e-05,,,,
26.03,55200,0.0284,1e-05,,,,
26.05,55250,0.0319,1e-05,,,,
26.07,55300,0.028,1e-05,,,,
26.1,55350,0.0327,1e-05,,,,
26.12,55400,0.0312,1e-05,,,,
26.14,55450,0.0327,1e-05,,,,
26.17,55500,0.0323,1e-05,,,,
26.19,55550,0.0302,1e-05,,,,
26.21,55600,0.0365,1e-05,,,,
26.24,55650,0.0316,1e-05,,,,
26.26,55700,0.0293,1e-05,,,,
26.28,55750,0.0319,1e-05,,,,
26.31,55800,0.033,1e-05,,,,
26.33,55850,0.0308,1e-05,,,,
26.36,55900,0.0344,1e-05,,,,
26.38,55950,0.0338,1e-05,,,,
26.4,56000,0.0319,1e-05,,,,
26.43,56050,0.034,1e-05,,,,
26.45,56100,0.0338,1e-05,,,,
26.47,56150,0.0316,1e-05,,,,
26.5,56200,0.0313,1e-05,,,,
26.52,56250,0.0434,1e-05,,,,
26.54,56300,0.0321,1e-05,,,,
26.57,56350,0.0353,1e-05,,,,
26.59,56400,0.0341,1e-05,,,,
26.61,56450,0.0345,1e-05,,,,
26.64,56500,0.0388,1e-05,,,,
26.66,56550,0.0358,1e-05,,,,
26.69,56600,0.0369,1e-05,,,,
26.71,56650,0.0419,1e-05,,,,
26.73,56700,0.0377,1e-05,,,,
26.76,56750,0.0336,1e-05,,,,
26.78,56800,0.0366,1e-05,,,,
26.8,56850,0.0301,1e-05,,,,
26.83,56900,0.0384,1e-05,,,,
26.85,56950,0.0361,1e-05,,,,
26.87,57000,0.0368,1e-05,,,,
26.9,57050,0.0337,1e-05,,,,
26.92,57100,0.0385,1e-05,,,,
26.94,57150,0.036,1e-05,,,,
26.97,57200,0.0373,1e-05,,,,
26.99,57250,0.0336,1e-05,,,,
27.02,57300,0.0288,1e-05,,,,
27.04,57350,0.0301,1e-05,,,,
27.06,57400,0.0278,1e-05,,,,
27.09,57450,0.0242,1e-05,,,,
27.11,57500,0.0301,1e-05,,,,
27.13,57550,0.0301,1e-05,,,,
27.16,57600,0.0311,1e-05,,,,
27.18,57650,0.0283,1e-05,,,,
27.2,57700,0.03,1e-05,,,,
27.23,57750,0.0305,1e-05,,,,
27.25,57800,0.0282,1e-05,,,,
27.27,57850,0.0344,1e-05,,,,
27.3,57900,0.031,1e-05,,,,
27.32,57950,0.0324,1e-05,,,,
27.35,58000,0.0353,1e-05,,,,
27.37,58050,0.037,1e-05,,,,
27.39,58100,0.0334,1e-05,,,,
27.42,58150,0.0376,1e-05,,,,
27.44,58200,0.0301,1e-05,,,,
27.46,58250,0.0344,1e-05,,,,
27.49,58300,0.0356,1e-05,,,,
27.51,58350,0.0359,1e-05,,,,
27.53,58400,0.0293,1e-05,,,,
27.56,58450,0.0333,1e-05,,,,
27.58,58500,0.0324,1e-05,,,,
27.6,58550,0.0331,1e-05,,,,
27.63,58600,0.0292,1e-05,,,,
27.65,58650,0.031,1e-05,,,,
27.68,58700,0.0378,1e-05,,,,
27.7,58750,0.037,1e-05,,,,
27.72,58800,0.0352,1e-05,,,,
27.75,58850,0.0385,1e-05,,,,
27.77,58900,0.0329,1e-05,,,,
27.79,58950,0.0282,1e-05,,,,
27.82,59000,0.0354,1e-05,,,,
27.84,59050,0.0341,1e-05,,,,
27.86,59100,0.0404,1e-05,,,,
27.89,59150,0.0358,1e-05,,,,
27.91,59200,0.0366,1e-05,,,,
27.93,59250,0.0347,1e-05,,,,
27.96,59300,0.0364,1e-05,,,,
27.98,59350,0.0367,1e-05,,,,
28.0,59400,0.0358,1e-05,,,,
28.03,59450,0.0236,1e-05,,,,
28.05,59500,0.0261,1e-05,,,,
28.08,59550,0.0251,1e-05,,,,
28.1,59600,0.0227,1e-05,,,,
28.12,59650,0.0287,1e-05,,,,
28.15,59700,0.0293,1e-05,,,,
28.17,59750,0.0268,1e-05,,,,
28.19,59800,0.0294,1e-05,,,,
28.22,59850,0.0318,1e-05,,,,
28.24,59900,0.0294,1e-05,,,,
28.26,59950,0.027,1e-05,,,,
28.29,60000,0.0336,1e-05,,,,
28.29,60000,,,0.26592,165.2937,176.014,44.007
28.31,60050,0.035,1e-05,,,,
28.33,60100,0.033,1e-05,,,,
28.36,60150,0.0322,1e-05,,,,
28.38,60200,0.0304,1e-05,,,,
28.41,60250,0.0292,1e-05,,,,
28.43,60300,0.0287,1e-05,,,,
28.45,60350,0.0329,1e-05,,,,
28.48,60400,0.0327,1e-05,,,,
28.5,60450,0.0344,1e-05,,,,
28.52,60500,0.0322,1e-05,,,,
28.55,60550,0.0348,1e-05,,,,
28.57,60600,0.0303,1e-05,,,,
28.59,60650,0.0338,1e-05,,,,
28.62,60700,0.0374,1e-05,,,,
28.64,60750,0.0298,1e-05,,,,
28.66,60800,0.0279,1e-05,,,,
28.69,60850,0.0363,1e-05,,,,
28.71,60900,0.0297,1e-05,,,,
28.74,60950,0.032,1e-05,,,,
28.76,61000,0.037,1e-05,,,,
28.78,61050,0.0336,1e-05,,,,
28.81,61100,0.0318,1e-05,,,,
28.83,61150,0.0336,1e-05,,,,
28.85,61200,0.0332,1e-05,,,,
28.88,61250,0.0331,1e-05,,,,
28.9,61300,0.0311,1e-05,,,,
28.92,61350,0.0357,1e-05,,,,
28.95,61400,0.0359,1e-05,,,,
28.97,61450,0.0308,1e-05,,,,
28.99,61500,0.0388,1e-05,,,,
29.02,61550,0.0349,1e-05,,,,
29.04,61600,0.0245,1e-05,,,,
29.07,61650,0.0265,1e-05,,,,
29.09,61700,0.0282,1e-05,,,,
29.11,61750,0.0283,1e-05,,,,
29.14,61800,0.0275,1e-05,,,,
29.16,61850,0.0252,1e-05,,,,
29.18,61900,0.0229,1e-05,,,,
29.21,61950,0.0299,1e-05,,,,
29.23,62000,0.0283,1e-05,,,,
29.25,62050,0.026,1e-05,,,,
29.28,62100,0.0284,1e-05,,,,
29.3,62150,0.0284,1e-05,,,,
29.32,62200,0.0266,1e-05,,,,
29.35,62250,0.0277,1e-05,,,,
29.37,62300,0.0278,1e-05,,,,
29.4,62350,0.0303,1e-05,,,,
29.42,62400,0.0276,1e-05,,,,
29.44,62450,0.0331,1e-05,,,,
29.47,62500,0.0298,1e-05,,,,
29.49,62550,0.0287,1e-05,,,,
29.51,62600,0.0267,1e-05,,,,
29.54,62650,0.0371,1e-05,,,,
29.56,62700,0.0308,1e-05,,,,
29.58,62750,0.0325,1e-05,,,,
29.61,62800,0.03,1e-05,,,,
29.63,62850,0.0369,1e-05,,,,
29.65,62900,0.0338,1e-05,,,,
29.68,62950,0.0313,1e-05,,,,
29.7,63000,0.0306,1e-05,,,,
29.73,63050,0.0286,1e-05,,,,
29.75,63100,0.0327,1e-05,,,,
29.77,63150,0.0348,1e-05,,,,
29.8,63200,0.0358,1e-05,,,,
29.82,63250,0.0299,1e-05,,,,
29.84,63300,0.0315,1e-05,,,,
29.87,63350,0.0349,1e-05,,,,
29.89,63400,0.0298,1e-05,,,,
29.91,63450,0.0313,1e-05,,,,
29.94,63500,0.0353,1e-05,,,,
29.96,63550,0.0336,1e-05,,,,
29.98,63600,0.0321,1e-05,,,,
30.01,63650,0.0317,1e-05,,,,
30.03,63700,0.029,1e-05,,,,
30.05,63750,0.0277,1e-05,,,,
30.08,63800,0.0269,1e-05,,,,
30.1,63850,0.0248,1e-05,,,,
30.13,63900,0.0234,1e-05,,,,
30.15,63950,0.0271,1e-05,,,,
30.17,64000,0.0255,1e-05,,,,
30.2,64050,0.0274,1e-05,,,,
30.22,64100,0.0322,1e-05,,,,
30.24,64150,0.0266,1e-05,,,,
30.27,64200,0.0263,1e-05,,,,
30.29,64250,0.0277,1e-05,,,,
30.31,64300,0.0308,1e-05,,,,
30.34,64350,0.0233,1e-05,,,,
30.36,64400,0.0272,1e-05,,,,
30.38,64450,0.0291,1e-05,,,,
30.41,64500,0.0321,1e-05,,,,
30.43,64550,0.0294,1e-05,,,,
30.46,64600,0.0315,1e-05,,,,
30.48,64650,0.0283,1e-05,,,,
30.5,64700,0.0287,1e-05,,,,
30.53,64750,0.0317,1e-05,,,,
30.55,64800,0.0296,1e-05,,,,
30.57,64850,0.032,1e-05,,,,
30.6,64900,0.0282,1e-05,,,,
30.62,64950,0.0326,1e-05,,,,
30.64,65000,0.029,1e-05,,,,
30.64,65000,,,0.26858,185.7908,156.595,39.152
30.67,65050,0.033,1e-05,,,,
30.69,65100,0.0302,1e-05,,,,
30.71,65150,0.0334,1e-05,,,,
30.74,65200,0.0322,1e-05,,,,
30.76,65250,0.0334,1e-05,,,,
30.79,65300,0.0312,1e-05,,,,
30.81,65350,0.0324,1e-05,,,,
30.83,65400,0.0296,1e-05,,,,
30.86,65450,0.0264,1e-05,,,,
30.88,65500,0.0279,1e-05,,,,
30.9,65550,0.0344,1e-05,,,,
30.93,65600,0.0294,1e-05,,,,
30.95,65650,0.029,1e-05,,,,
30.97,65700,0.0312,1e-05,,,,
31.0,65750,0.0291,1e-05,,,,
31.02,65800,0.0243,1e-05,,,,
31.04,65850,0.0223,1e-05,,,,
31.07,65900,0.0278,1e-05,,,,
31.09,65950,0.0258,1e-05,,,,
31.12,66000,0.0246,1e-05,,,,
31.14,66050,0.0268,1e-05,,,,
31.16,66100,0.027,1e-05,,,,
31.19,66150,0.0309,1e-05,,,,
31.21,66200,0.0288,1e-05,,,,
31.23,66250,0.0255,1e-05,,,,
31.26,66300,0.0287,1e-05,,,,
31.28,66350,0.0246,1e-05,,,,
31.3,66400,0.0281,1e-05,,,,
31.33,66450,0.0288,1e-05,,,,
31.35,66500,0.0263,1e-05,,,,
31.37,66550,0.024,1e-05,,,,
31.4,66600,0.03,1e-05,,,,
31.42,66650,0.0275,1e-05,,,,
31.44,66700,0.0245,1e-05,,,,
31.47,66750,0.0285,1e-05,,,,
31.49,66800,0.0278,1e-05,,,,
31.52,66850,0.0273,1e-05,,,,
31.54,66900,0.0278,1e-05,,,,
31.56,66950,0.0266,1e-05,,,,
31.59,67000,0.0319,1e-05,,,,
31.61,67050,0.0316,1e-05,,,,
31.63,67100,0.0286,1e-05,,,,
31.66,67150,0.0297,1e-05,,,,
31.68,67200,0.0272,1e-05,,,,
31.7,67250,0.0259,1e-05,,,,
31.73,67300,0.0263,1e-05,,,,
31.75,67350,0.0276,1e-05,,,,
31.77,67400,0.0295,1e-05,,,,
31.8,67450,0.0271,1e-05,,,,
31.82,67500,0.0322,1e-05,,,,
31.85,67550,0.0278,1e-05,,,,
31.87,67600,0.0318,1e-05,,,,
31.89,67650,0.0272,1e-05,,,,
31.92,67700,0.0334,1e-05,,,,
31.94,67750,0.027,1e-05,,,,
31.96,67800,0.0303,1e-05,,,,
31.99,67850,0.0278,1e-05,,,,
32.01,67900,0.0289,1e-05,,,,
32.03,67950,0.0221,1e-05,,,,
32.06,68000,0.0265,1e-05,,,,
32.08,68050,0.0247,1e-05,,,,
32.1,68100,0.0254,1e-05,,,,
32.13,68150,0.0198,1e-05,,,,
32.15,68200,0.0273,1e-05,,,,
32.18,68250,0.0214,1e-05,,,,
32.2,68300,0.022,1e-05,,,,
32.22,68350,0.0251,1e-05,,,,
32.25,68400,0.0236,1e-05,,,,
32.27,68450,0.0254,1e-05,,,,
32.29,68500,0.0282,1e-05,,,,
32.32,68550,0.027,1e-05,,,,
32.34,68600,0.025,1e-05,,,,
32.36,68650,0.0253,1e-05,,,,
32.39,68700,0.024,1e-05,,,,
32.41,68750,0.0267,1e-05,,,,
32.43,68800,0.0298,1e-05,,,,
32.46,68850,0.0278,1e-05,,,,
32.48,68900,0.0286,1e-05,,,,
32.51,68950,0.0315,1e-05,,,,
32.53,69000,0.0281,1e-05,,,,
32.55,69050,0.0322,1e-05,,,,
32.58,69100,0.0263,1e-05,,,,
32.6,69150,0.0249,1e-05,,,,
32.62,69200,0.028,1e-05,,,,
32.65,69250,0.0235,1e-05,,,,
32.67,69300,0.0314,1e-05,,,,
32.69,69350,0.0263,1e-05,,,,
32.72,69400,0.0308,1e-05,,,,
32.74,69450,0.028,1e-05,,,,
32.76,69500,0.0263,1e-05,,,,
32.79,69550,0.0302,1e-05,,,,
32.81,69600,0.0289,1e-05,,,,
32.84,69650,0.0319,1e-05,,,,
32.86,69700,0.0284,1e-05,,,,
32.88,69750,0.026,1e-05,,,,
32.91,69800,0.0295,1e-05,,,,
32.93,69850,0.0309,1e-05,,,,
32.95,69900,0.0285,1e-05,,,,
32.98,69950,0.0267,1e-05,,,,
33.0,70000,0.0229,1e-05,,,,
33.0,70000,,,0.26716,165.3137,175.993,44.001
33.03,70050,0.0248,1e-05,,,,
33.05,70100,0.0239,1e-05,,,,
33.07,70150,0.0232,1e-05,,,,
33.1,70200,0.0253,1e-05,,,,
33.12,70250,0.0254,1e-05,,,,
33.14,70300,0.0243,1e-05,,,,
33.17,70350,0.0262,1e-05,,,,
33.19,70400,0.0223,1e-05,,,,
33.22,70450,0.0274,1e-05,,,,
33.24,70500,0.0218,1e-05,,,,
33.26,70550,0.0222,1e-05,,,,
33.29,70600,0.0271,1e-05,,,,
33.31,70650,0.0283,1e-05,,,,
33.33,70700,0.031,1e-05,,,,
33.36,70750,0.0268,1e-05,,,,
33.38,70800,0.026,1e-05,,,,
33.4,70850,0.0276,1e-05,,,,
33.43,70900,0.0263,1e-05,,,,
33.45,70950,0.0297,1e-05,,,,
33.47,71000,0.0256,1e-05,,,,
33.5,71050,0.0258,1e-05,,,,
33.52,71100,0.0289,1e-05,,,,
33.55,71150,0.0276,1e-05,,,,
33.57,71200,0.026,1e-05,,,,
33.59,71250,0.0265,1e-05,,,,
33.62,71300,0.0264,1e-05,,,,
33.64,71350,0.0243,1e-05,,,,
33.66,71400,0.0236,1e-05,,,,
33.69,71450,0.0226,1e-05,,,,
33.71,71500,0.0249,1e-05,,,,
33.73,71550,0.0259,1e-05,,,,
33.76,71600,0.0264,1e-05,,,,
33.78,71650,0.0296,1e-05,,,,
33.8,71700,0.0239,1e-05,,,,
33.83,71750,0.0297,1e-05,,,,
33.85,71800,0.0284,1e-05,,,,
33.88,71850,0.0238,1e-05,,,,
33.9,71900,0.0319,1e-05,,,,
33.92,71950,0.0291,1e-05,,,,
33.95,72000,0.0296,1e-05,,,,
33.97,72050,0.0278,1e-05,,,,
33.99,72100,0.0248,1e-05,,,,
34.02,72150,0.0239,0.0,,,,
34.04,72200,0.0257,0.0,,,,
34.06,72250,0.0246,0.0,,,,
34.09,72300,0.0276,0.0,,,,
34.11,72350,0.0242,0.0,,,,
34.13,72400,0.024,0.0,,,,
34.16,72450,0.0252,0.0,,,,
34.18,72500,0.023,0.0,,,,
34.21,72550,0.022,0.0,,,,
34.23,72600,0.0255,0.0,,,,
34.25,72650,0.0235,0.0,,,,
34.28,72700,0.0263,0.0,,,,
34.3,72750,0.0231,0.0,,,,
34.32,72800,0.0205,0.0,,,,
34.35,72850,0.0251,0.0,,,,
34.37,72900,0.0259,0.0,,,,
34.39,72950,0.0236,0.0,,,,
34.42,73000,0.0241,0.0,,,,
34.44,73050,0.0272,0.0,,,,
34.46,73100,0.0253,0.0,,,,
34.49,73150,0.0245,0.0,,,,
34.51,73200,0.0261,0.0,,,,
34.54,73250,0.0269,0.0,,,,
34.56,73300,0.0245,0.0,,,,
34.58,73350,0.025,0.0,,,,
34.61,73400,0.0261,0.0,,,,
34.63,73450,0.0253,0.0,,,,
34.65,73500,0.026,0.0,,,,
34.68,73550,0.026,0.0,,,,
34.7,73600,0.0252,0.0,,,,
34.72,73650,0.0287,0.0,,,,
34.75,73700,0.0255,0.0,,,,
34.77,73750,0.0277,0.0,,,,
34.79,73800,0.0269,0.0,,,,
34.82,73850,0.0246,0.0,,,,
34.84,73900,0.0246,0.0,,,,
34.87,73950,0.0276,0.0,,,,
34.89,74000,0.0249,0.0,,,,
34.91,74050,0.0239,0.0,,,,
34.94,74100,0.0253,0.0,,,,
34.96,74150,0.0245,0.0,,,,
34.98,74200,0.0267,0.0,,,,
35.01,74250,0.0258,0.0,,,,
35.03,74300,0.0238,0.0,,,,
35.05,74350,0.0257,0.0,,,,
35.08,74400,0.0222,0.0,,,,
35.1,74450,0.0211,0.0,,,,
35.12,74500,0.0253,0.0,,,,
35.15,74550,0.0207,0.0,,,,
35.17,74600,0.0213,0.0,,,,
35.2,74650,0.0236,0.0,,,,
35.22,74700,0.02,0.0,,,,
35.24,74750,0.0214,0.0,,,,
35.27,74800,0.025,0.0,,,,
35.29,74850,0.026,0.0,,,,
35.31,74900,0.0219,0.0,,,,
35.34,74950,0.0221,0.0,,,,
35.36,75000,0.028,0.0,,,,
35.36,75000,,,0.27594,178.2955,163.179,40.797
35.38,75050,0.0246,0.0,,,,
35.41,75100,0.0208,0.0,,,,
35.43,75150,0.0255,0.0,,,,
35.45,75200,0.0196,0.0,,,,
35.48,75250,0.0231,0.0,,,,
35.5,75300,0.0228,0.0,,,,
35.53,75350,0.0254,0.0,,,,
35.55,75400,0.0254,0.0,,,,
35.57,75450,0.026,0.0,,,,
35.6,75500,0.0218,0.0,,,,
35.62,75550,0.024,0.0,,,,
35.64,75600,0.0227,0.0,,,,
35.67,75650,0.0257,0.0,,,,
35.69,75700,0.0234,0.0,,,,
35.71,75750,0.025,0.0,,,,
35.74,75800,0.0251,0.0,,,,
35.76,75850,0.0249,0.0,,,,
35.78,75900,0.0201,0.0,,,,
35.81,75950,0.0253,0.0,,,,
35.83,76000,0.029,0.0,,,,
35.86,76050,0.0252,0.0,,,,
35.88,76100,0.0263,0.0,,,,
35.9,76150,0.0299,0.0,,,,
35.93,76200,0.0241,0.0,,,,
35.95,76250,0.0276,0.0,,,,
35.97,76300,0.0274,0.0,,,,
36.0,76350,0.0258,0.0,,,,
36.02,76400,0.0255,0.0,,,,
36.04,76450,0.0212,0.0,,,,
36.07,76500,0.0224,0.0,,,,
36.09,76550,0.0185,0.0,,,,
36.11,76600,0.022,0.0,,,,
36.14,76650,0.0198,0.0,,,,
36.16,76700,0.0222,0.0,,,,
36.18,76750,0.0234,0.0,,,,
36.21,76800,0.0233,0.0,,,,
36.23,76850,0.0259,0.0,,,,
36.26,76900,0.0248,0.0,,,,
36.28,76950,0.0218,0.0,,,,
36.3,77000,0.0215,0.0,,,,
36.33,77050,0.022,0.0,,,,
36.35,77100,0.0181,0.0,,,,
36.37,77150,0.0224,0.0,,,,
36.4,77200,0.0217,0.0,,,,
36.42,77250,0.0267,0.0,,,,
36.44,77300,0.0236,0.0,,,,
36.47,77350,0.0245,0.0,,,,
36.49,77400,0.0236,0.0,,,,
36.51,77450,0.0213,0.0,,,,
36.54,77500,0.0236,0.0,,,,
36.56,77550,0.0251,0.0,,,,
36.59,77600,0.0228,0.0,,,,
36.61,77650,0.025,0.0,,,,
36.63,77700,0.0296,0.0,,,,
36.66,77750,0.023,0.0,,,,
36.68,77800,0.0228,0.0,,,,
36.7,77850,0.0268,0.0,,,,
36.73,77900,0.0257,0.0,,,,
36.75,77950,0.0231,0.0,,,,
36.77,78000,0.0247,0.0,,,,
36.8,78050,0.027,0.0,,,,
36.82,78100,0.022,0.0,,,,
36.84,78150,0.0207,0.0,,,,
36.87,78200,0.026,0.0,,,,
36.89,78250,0.0267,0.0,,,,
36.92,78300,0.0246,0.0,,,,
36.94,78350,0.0262,0.0,,,,
36.96,78400,0.0228,0.0,,,,
36.99,78450,0.0235,0.0,,,,
37.01,78500,0.0207,0.0,,,,
37.03,78550,0.0219,0.0,,,,
37.06,78600,0.0206,0.0,,,,
37.08,78650,0.0213,0.0,,,,
37.1,78700,0.0206,0.0,,,,
37.13,78750,0.0208,0.0,,,,
37.15,78800,0.0256,0.0,,,,
37.17,78850,0.0236,0.0,,,,
37.2,78900,0.0216,0.0,,,,
37.22,78950,0.0214,0.0,,,,
37.25,79000,0.0264,0.0,,,,
37.27,79050,0.0188,0.0,,,,
37.29,79100,0.0198,0.0,,,,
37.32,79150,0.023,0.0,,,,
37.34,79200,0.022,0.0,,,,
37.36,79250,0.0215,0.0,,,,
37.39,79300,0.0223,0.0,,,,
37.41,79350,0.0231,0.0,,,,
37.43,79400,0.0233,0.0,,,,
37.46,79450,0.0238,0.0,,,,
37.48,79500,0.0207,0.0,,,,
37.5,79550,0.0247,0.0,,,,
37.53,79600,0.0246,0.0,,,,
37.55,79650,0.0215,0.0,,,,
37.58,79700,0.0248,0.0,,,,
37.6,79750,0.0224,0.0,,,,
37.62,79800,0.0242,0.0,,,,
37.65,79850,0.0241,0.0,,,,
37.67,79900,0.028,0.0,,,,
37.69,79950,0.0251,0.0,,,,
37.72,80000,0.0229,0.0,,,,
37.72,80000,,,0.27592,163.3682,178.088,44.525
37.74,80050,0.0211,0.0,,,,
37.76,80100,0.0222,0.0,,,,
37.79,80150,0.022,0.0,,,,
37.81,80200,0.022,0.0,,,,
37.83,80250,0.0202,0.0,,,,
37.86,80300,0.0223,0.0,,,,
37.88,80350,0.0243,0.0,,,,
37.91,80400,0.0212,0.0,,,,
37.93,80450,0.0271,0.0,,,,
37.95,80500,0.0221,0.0,,,,
37.98,80550,0.0272,0.0,,,,
38.0,80600,0.0225,0.0,,,,
38.02,80650,0.0193,0.0,,,,
38.05,80700,0.0234,0.0,,,,
38.07,80750,0.0277,0.0,,,,
38.09,80800,0.0231,0.0,,,,
38.12,80850,0.0211,0.0,,,,
38.14,80900,0.0226,0.0,,,,
38.16,80950,0.0211,0.0,,,,
38.19,81000,0.0198,0.0,,,,
38.21,81050,0.0183,0.0,,,,
38.23,81100,0.0204,0.0,,,,
38.26,81150,0.0237,0.0,,,,
38.28,81200,0.0221,0.0,,,,
38.31,81250,0.0201,0.0,,,,
38.33,81300,0.0203,0.0,,,,
38.35,81350,0.0239,0.0,,,,
38.38,81400,0.0203,0.0,,,,
38.4,81450,0.0195,0.0,,,,
38.42,81500,0.0199,0.0,,,,
38.45,81550,0.0206,0.0,,,,
38.47,81600,0.0224,0.0,,,,
38.49,81650,0.0245,0.0,,,,
38.52,81700,0.0242,0.0,,,,
38.54,81750,0.0174,0.0,,,,
38.56,81800,0.0231,0.0,,,,
38.59,81850,0.0172,0.0,,,,
38.61,81900,0.0201,0.0,,,,
38.64,81950,0.0165,0.0,,,,
38.66,82000,0.0223,0.0,,,,
38.68,82050,0.0219,0.0,,,,
38.71,82100,0.0235,0.0,,,,
38.73,82150,0.0215,0.0,,,,
38.75,82200,0.0226,0.0,,,,
38.78,82250,0.0217,0.0,,,,
38.8,82300,0.0243,0.0,,,,
38.82,82350,0.0241,0.0,,,,
38.85,82400,0.0193,0.0,,,,
38.87,82450,0.0218,0.0,,,,
38.89,82500,0.0238,0.0,,,,
38.92,82550,0.0204,0.0,,,,
38.94,82600,0.0197,0.0,,,,
38.97,82650,0.0246,0.0,,,,
38.99,82700,0.0224,0.0,,,,
39.01,82750,0.0216,0.0,,,,
39.04,82800,0.0241,0.0,,,,
39.06,82850,0.0202,0.0,,,,
39.08,82900,0.0256,0.0,,,,
39.11,82950,0.0185,0.0,,,,
39.13,83000,0.0218,0.0,,,,
39.15,83050,0.0207,0.0,,,,
39.18,83100,0.0171,0.0,,,,
39.2,83150,0.0211,0.0,,,,
39.22,83200,0.0195,0.0,,,,
39.25,83250,0.0207,0.0,,,,
39.27,83300,0.0205,0.0,,,,
39.3,83350,0.022,0.0,,,,
39.32,83400,0.0226,0.0,,,,
39.34,83450,0.0176,0.0,,,,
39.37,83500,0.0228,0.0,,,,
39.39,83550,0.0222,0.0,,,,
39.41,83600,0.021,0.0,,,,
39.44,83650,0.0207,0.0,,,,
39.46,83700,0.021,0.0,,,,
39.48,83750,0.0216,0.0,,,,
39.51,83800,0.0218,0.0,,,,
39.53,83850,0.0193,0.0,,,,
39.55,83900,0.0213,0.0,,,,
39.58,83950,0.0209,0.0,,,,
39.6,84000,0.0195,0.0,,,,
39.63,84050,0.0195,0.0,,,,
39.65,84100,0.0236,0.0,,,,
39.67,84150,0.0235,0.0,,,,
39.7,84200,0.0184,0.0,,,,
39.72,84250,0.024,0.0,,,,
39.74,84300,0.0236,0.0,,,,
39.77,84350,0.0195,0.0,,,,
39.79,84400,0.0229,0.0,,,,
39.81,84450,0.0219,0.0,,,,
39.84,84500,0.0239,0.0,,,,
39.86,84550,0.0201,0.0,,,,
39.88,84600,0.0212,0.0,,,,
39.91,84650,0.0198,0.0,,,,
39.93,84700,0.0178,0.0,,,,
39.96,84750,0.0184,0.0,,,,
39.98,84800,0.0203,0.0,,,,
40.0,84840,,,,,,
40.0,84840,,,0.2469,179.7932,161.819,40.458
40.0,84840,,,,,,
40.0,84840,,,0.2469,166.6,174.634,43.661
40.0,84840,,,,,,
40.0,84840,,,0.12255,17.389,167.347,41.866
40.0,84840,,,,,,
40.0,84840,,,0.12255,16.8565,172.634,43.188
40.0,84840,,,,,,
40.0,84840,,,0.12255,17.2895,168.311,42.107
